Thanglish_Issues,Thanglish_Solutions
panichchumai,Thodarnthu velai seiyavo padikkavo vendaam. Ovvoru 40 nimidangalukkum siriya idaivelaikalai eduththukkollungal. Nalla isaiyai kelungal
panichumai,Thodarnthu velai seiyavo padikkavo vendaam. Ovvoru 40 nimidangalukkum siriya idaivelaikalai eduththukkollungal. Nalla isaiyai kelungal
panichchumaiyaka,Thodarnthu velai seiyavo padikkavo vendaam. Ovvoru 40 nimidangalukkum siriya idaivelaikalai eduththukkollungal. Nalla isaiyai kelungal
panichumaiyaka,Thodarnthu velai seiyavo padikkavo vendaam. Ovvoru 40 nimidangalukkum siriya idaivelaikalai eduththukkollungal. Nalla isaiyai kelungal
panichchumaiyaha,Thodarnthu velai seiyavo padikkavo vendaam. Ovvoru 40 nimidangalukkum siriya idaivelaikalai eduththukkollungal. Nalla isaiyai kelungal
panichumaiyaha,Thodarnthu velai seiyavo padikkavo vendaam. Ovvoru 40 nimidangalukkum siriya idaivelaikalai eduththukkollungal. Nalla isaiyai kelungal
panichumaiyal,Thodarnthu velai seiyavo padikkavo vendaam. Ovvoru 40 nimidangalukkum siriya idaivelaikalai eduththukkollungal. Nalla isaiyai kelungal
panichumaiyaal,Thodarnthu velai seiyavo padikkavo vendaam. Ovvoru 40 nimidangalukkum siriya idaivelaikalai eduththukkollungal. Nalla isaiyai kelungal
panichumaiyinaal,Thodarnthu velai seiyavo padikkavo vendaam. Ovvoru 40 nimidangalukkum siriya idaivelaikalai eduththukkollungal. Nalla isaiyai kelungal
panichumaiyinal,Thodarnthu velai seiyavo padikkavo vendaam. Ovvoru 40 nimidangalukkum siriya idaivelaikalai eduththukkollungal. Nalla isaiyai kelungal
velaippalu,Thodarnthu velai seiyavo padikkavo vendaam. Ovvoru 40 nimidangalukkum siriya idaivelaikalai eduththukkollungal. Nalla isaiyai kelungal
velaipalu,Thodarnthu velai seiyavo padikkavo vendaam. Ovvoru 40 nimidangalukkum siriya idaivelaikalai eduththukkollungal. Nalla isaiyai kelungal
kalvi pirachchinaikal,Ungal santhehangalai thelivu paduththa thayangatheerkal. Ungal virivuraiyalarkalidam ketka mudiyavillai enraal ungal nanbarkalidam kelungal. Kuzhu aayvukal ungalukku uthavum.
kalvi pirachchinaihal,Ungal santhehangalai thelivu paduththa thayangatheerkal. Ungal virivuraiyalarkalidam ketka mudiyavillai enraal ungal nanbarkalidam kelungal. Kuzhu aayvukal ungalukku uthavum.
kalvi pirachinaikal,Ungal santhehangalai thelivu paduththa thayangatheerkal. Ungal virivuraiyalarkalidam ketka mudiyavillai enraal ungal nanbarkalidam kelungal. Kuzhu aayvukal ungalukku uthavum.
kalvi pirachinaihal,Ungal santhehangalai thelivu paduththa thayangatheerkal. Ungal virivuraiyalarkalidam ketka mudiyavillai enraal ungal nanbarkalidam kelungal. Kuzhu aayvukal ungalukku uthavum.
palkalaikalaka pirachchinaikal,ungal kudumbaththinarudanum nanbarkaludanum pirachchinaiyai patri kalanthuraiyaadungal. ungal virivuraiyalarkalim aaloasanai kelungal. Thevaippattaal palkalaikazhaha nirvaahaththai anuhavum.
palkalaikalakaththil pirachchinaikal,ungal kudumbaththinarudanum nanbarkaludanum pirachchinaiyai patri kalanthuraiyaadungal. ungal virivuraiyalarkalim aaloasanai kelungal. Thevaippattaal palkalaikazhaha nirvaahaththai anuhavum.
palkalaikalaka pirachchinaihal,ungal kudumbaththinarudanum nanbarkaludanum pirachchinaiyai patri kalanthuraiyaadungal. ungal virivuraiyalarkalim aaloasanai kelungal. Thevaippattaal palkalaikazhaha nirvaahaththai anuhavum.
palkalaikalakaththil pirachchinaihal,ungal kudumbaththinarudanum nanbarkaludanum pirachchinaiyai patri kalanthuraiyaadungal. ungal virivuraiyalarkalim aaloasanai kelungal. Thevaippattaal palkalaikazhaha nirvaahaththai anuhavum.
palkalaikalaka pirachinaikal,ungal kudumbaththinarudanum nanbarkaludanum pirachchinaiyai patri kalanthuraiyaadungal. ungal virivuraiyalarkalim aaloasanai kelungal. Thevaippattaal palkalaikazhaha nirvaahaththai anuhavum.
palkalaikalakaththil pirachinaikal,ungal kudumbaththinarudanum nanbarkaludanum pirachchinaiyai patri kalanthuraiyaadungal. ungal virivuraiyalarkalim aaloasanai kelungal. Thevaippattaal palkalaikazhaha nirvaahaththai anuhavum.
palkalaikalaka pirachinaihal,ungal kudumbaththinarudanum nanbarkaludanum pirachchinaiyai patri kalanthuraiyaadungal. ungal virivuraiyalarkalim aaloasanai kelungal. Thevaippattaal palkalaikazhaha nirvaahaththai anuhavum.
palkalaikalakaththil pirachinaihal,ungal kudumbaththinarudanum nanbarkaludanum pirachchinaiyai patri kalanthuraiyaadungal. ungal virivuraiyalarkalim aaloasanai kelungal. Thevaippattaal palkalaikazhaha nirvaahaththai anuhavum.
palkalaikazhaka pirachinaihal,ungal kudumbaththinarudanum nanbarkaludanum pirachchinaiyai patri kalanthuraiyaadungal. ungal virivuraiyalarkalim aaloasanai kelungal. Thevaippattaal palkalaikazhaha nirvaahaththai anuhavum.
palkalaikalakaththil pirachinaihal,ungal kudumbaththinarudanum nanbarkaludanum pirachchinaiyai patri kalanthuraiyaadungal. ungal virivuraiyalarkalim aaloasanai kelungal. Thevaippattaal palkalaikazhaha nirvaahaththai anuhavum.
palkalaikazhaka pirachchinaikal,ungal kudumbaththinarudanum nanbarkaludanum pirachchinaiyai patri kalanthuraiyaadungal. ungal virivuraiyalarkalim aaloasanai kelungal. Thevaippattaal palkalaikazhaha nirvaahaththai anuhavum.
palkalaikalakaththil pirachchinaikal,ungal kudumbaththinarudanum nanbarkaludanum pirachchinaiyai patri kalanthuraiyaadungal. ungal virivuraiyalarkalim aaloasanai kelungal. Thevaippattaal palkalaikazhaha nirvaahaththai anuhavum.
palkalaikazhaka pirachchinaihal,ungal kudumbaththinarudanum nanbarkaludanum pirachchinaiyai patri kalanthuraiyaadungal. ungal virivuraiyalarkalim aaloasanai kelungal. Thevaippattaal palkalaikazhaha nirvaahaththai anuhavum.
palkalaikalakaththil pirachchinaihal,ungal kudumbaththinarudanum nanbarkaludanum pirachchinaiyai patri kalanthuraiyaadungal. ungal virivuraiyalarkalim aaloasanai kelungal. Thevaippattaal palkalaikazhaha nirvaahaththai anuhavum.
palkalaikazhaka pirachinaikal,ungal kudumbaththinarudanum nanbarkaludanum pirachchinaiyai patri kalanthuraiyaadungal. ungal virivuraiyalarkalim aaloasanai kelungal. Thevaippattaal palkalaikazhaha nirvaahaththai anuhavum.
palkalaikalakaththil pirachinaikal,ungal kudumbaththinarudanum nanbarkaludanum pirachchinaiyai patri kalanthuraiyaadungal. ungal virivuraiyalarkalim aaloasanai kelungal. Thevaippattaal palkalaikazhaha nirvaahaththai anuhavum.
palkalaikazhaha pirachchinaikal,ungal kudumbaththinarudanum nanbarkaludanum pirachchinaiyai patri kalanthuraiyaadungal. ungal virivuraiyalarkalim aaloasanai kelungal. Thevaippattaal palkalaikazhaha nirvaahaththai anuhavum.
palkalaikalakaththil pirachchinaikal,ungal kudumbaththinarudanum nanbarkaludanum pirachchinaiyai patri kalanthuraiyaadungal. ungal virivuraiyalarkalim aaloasanai kelungal. Thevaippattaal palkalaikazhaha nirvaahaththai anuhavum.
palkalaikazhaha pirachchinaihal,ungal kudumbaththinarudanum nanbarkaludanum pirachchinaiyai patri kalanthuraiyaadungal. ungal virivuraiyalarkalim aaloasanai kelungal. Thevaippattaal palkalaikazhaha nirvaahaththai anuhavum.
palkalaikalakaththil pirachchinaihal,ungal kudumbaththinarudanum nanbarkaludanum pirachchinaiyai patri kalanthuraiyaadungal. ungal virivuraiyalarkalim aaloasanai kelungal. Thevaippattaal palkalaikazhaha nirvaahaththai anuhavum.
palkalaikazhaha pirachinaikal,ungal kudumbaththinarudanum nanbarkaludanum pirachchinaiyai patri kalanthuraiyaadungal. ungal virivuraiyalarkalim aaloasanai kelungal. Thevaippattaal palkalaikazhaha nirvaahaththai anuhavum.
palkalaikalakaththil pirachinaikal,ungal kudumbaththinarudanum nanbarkaludanum pirachchinaiyai patri kalanthuraiyaadungal. ungal virivuraiyalarkalim aaloasanai kelungal. Thevaippattaal palkalaikazhaha nirvaahaththai anuhavum.
palkalaikazhaha pirachinaikal,ungal kudumbaththinarudanum nanbarkaludanum pirachchinaiyai patri kalanthuraiyaadungal. ungal virivuraiyalarkalim aaloasanai kelungal. Thevaippattaal palkalaikazhaha nirvaahaththai anuhavum.
palkalaikalakaththil pirachinaikal,ungal kudumbaththinarudanum nanbarkaludanum pirachchinaiyai patri kalanthuraiyaadungal. ungal virivuraiyalarkalim aaloasanai kelungal. Thevaippattaal palkalaikazhaha nirvaahaththai anuhavum.
varuhai pirachinaikal,Palkalaikkazhaka nirvaakam matrum virivuraiyaalarkaludan kalanthuraiyaadungal. Palkalaikkazhaka nerasoosippadi ungal matra velaikali thittamidungal.
varuhai pirachchinaikal,Palkalaikkazhaka nirvaakam matrum virivuraiyaalarkaludan kalanthuraiyaadungal. Palkalaikkazhaka nerasoosippadi ungal matra velaikali thittamidungal.
varukai pirachinaikal,Palkalaikkazhaka nirvaakam matrum virivuraiyaalarkaludan kalanthuraiyaadungal. Palkalaikkazhaka nerasoosippadi ungal matra velaikali thittamidungal.
varukai pirachchinaikal,Palkalaikkazhaka nirvaakam matrum virivuraiyaalarkaludan kalanthuraiyaadungal. Palkalaikkazhaka nerasoosippadi ungal matra velaikali thittamidungal.
poathiya varukai illai,Palkalaikkazhaka nirvaakam matrum virivuraiyaalarkaludan kalanthuraiyaadungal. Palkalaikkazhaka nerasoosippadi ungal matra velaikali thittamidungal.
poathiya varuhai illai,Palkalaikkazhaka nirvaakam matrum virivuraiyaalarkaludan kalanthuraiyaadungal. Palkalaikkazhaka nerasoosippadi ungal matra velaikali thittamidungal.
poathiyalavu varukai illai,Palkalaikkazhaka nirvaakam matrum virivuraiyaalarkaludan kalanthuraiyaadungal. Palkalaikkazhaka nerasoosippadi ungal matra velaikali thittamidungal.
poathiyalavu varuhai illai,Palkalaikkazhaka nirvaakam matrum virivuraiyaalarkaludan kalanthuraiyaadungal. Palkalaikkazhaka nerasoosippadi ungal matra velaikali thittamidungal.
virivuraikalil kalanthukollavillai,Palkalaikkazhaka nirvaakam matrum virivuraiyaalarkaludan kalanthuraiyaadungal. Palkalaikkazhaka nerasoosippadi ungal matra velaikali thittamidungal.
virivuraikalil kalanthukollvathillai,Palkalaikkazhaka nirvaakam matrum virivuraiyaalarkaludan kalanthuraiyaadungal. Palkalaikkazhaka nerasoosippadi ungal matra velaikali thittamidungal.
